<?xml version="1.0" encoding="UTF-8" ?>
<VariantPackingList>
  <Tracking>
    <OriginalFileName>RM243_0550440_04.09_011.vpl</OriginalFileName>
    <TimeStamp>2008-05-26T10:29:14Z</TimeStamp>
    <Origin>ou1s40pr / CST 8.23</Origin>
  </Tracking>
  <Variant>
    <VariantIdentification>
      <Description>EURO BLACK</Description>
      <TypeDesignator>RM-243</TypeDesignator>
      <ProductCode>0550440</ProductCode>
      <VariantGroup>EURO_Default</VariantGroup>
    </VariantIdentification>
    <SwVersion>04.09</SwVersion>
    <VariantVersion>011</VariantVersion>
    <FileList>
      <File>
        <Name>RM243_0550440_04.09_011.dcp</Name>
        <FileType>Dcp</FileType>
        <Signed>true</Signed>
        <Optional>false</Optional>
        <Crc>6783D647</Crc>
      </File>
      <File>
        <Name>rm243_04.09_prd_core.fpsx</Name>
        <FileType>Binary</FileType>
        <FileSubType>Mcu</FileSubType>
        <Signed>false</Signed>
        <Optional>false</Optional>
        <Crc>CB8A4608</Crc>
      </File>
      <File>
        <Name>rm243_04.09_prd_v00_00.fpsx</Name>
        <FileType>Binary</FileType>
        <FileSubType>Ppm</FileSubType>
        <Signed>false</Signed>
        <Optional>false</Optional>
        <Crc>1966C38</Crc>
      </File>
      <File>
        <Name>RM243_04.09_v2_prd_UDA_Nokia_Noir.fpsx</Name>
        <FileType>Binary</FileType>
        <FileSubType>Content</FileSubType>
        <Signed>false</Signed>
        <Optional>false</Optional>
        <Crc>4925F25B</Crc>
        <EnableCRCVerification>true</EnableCRCVerification>
      </File>
      <File>
        <Name>0550440_simlock.bin</Name>
        <FileType>Binary</FileType>
        <FileSubType>SimLock</FileSubType>
        <Signed>true</Signed>
        <Optional>true</Optional>
        <Crc>4BB6A63F</Crc>
      </File>
      <File>
        <Name>ccc_0550440.bin</Name>
        <FileType>Binary</FileType>
        <FileSubType>CccCmt</FileSubType>
        <Signed>true</Signed>
        <Optional>true</Optional>
        <Crc>A0206291</Crc>
      </File>
      <File>
        <Name>hwc_0550440.bin</Name>
        <FileType>Binary</FileType>
        <FileSubType>HwcTemplateCmt</FileSubType>
        <Signed>true</Signed>
        <Optional>true</Optional>
        <Crc>E447E2A5</Crc>
      </File>
      <File>
        <Name>243_0550440_04.09_011_signature.bin</Name>
        <FileType>Signature</FileType>
        <Optional>false</Optional>
      </File>
    </FileList>
  </Variant>
</VariantPackingList>